<?xml version="1.0" encoding="UTF-8" standalone="yes"?>
<addon id="script.module.liveresolver" name="LiveResolver" version="0.1.49" provider-name="natko1412">
	<requires>
		<import addon="xbmc.python" version="2.1.0"/>
		<import addon="script.module.beautifulsoup" version="3.2.1"/>
		<import addon="script.module.requests"/>
		<import addon="script.module.addon.common" version="2.0.0"/>
	</requires>
	<extension point="xbmc.python.module" library="lib"/>
	<extension point="xbmc.addon.metadata">
		<platform>all</platform>
		<summary lang="en">Resolve common live video host URL's to be playable in XBMC/Kodi + find links embeded in sites.</summary>
		<description lang="en"></description>
	</extension>
</addon>
