<?xml version="1.0" encoding="UTF-8" standalone="yes"?>
<addon id="repository.ledtv" name="LEDTV Repo" version="0.0.1" provider-name="AL">
	<extension point="xbmc.addon.repository" name="LEDTV Repo">
		<dir>
			<info compressed="false">https://raw.githubusercontent.com/noobsandnerds/modules4all/master/zips/addons.xml</info>
			<checksum>https://raw.githubusercontent.com/noobsandnerds/modules4all/master/zips/addons.xml.md5</checksum>
			<datadir zip="true">https://raw.githubusercontent.com/noobsandnerds/modules4all/master/zips/</datadir>
		</dir>
		<info compressed="false">https://raw.githubusercontent.com/ledtvavs/repository.ledtv/master/zips/addons.xml</info>
		<checksum>https://raw.githubusercontent.com/ledtvavs/repository.ledtv/master/zips/addons.xml.md5</checksum>
		<datadir zip="true">https://raw.githubusercontent.com/ledtvavs/repository.ledtv/master/zips/</datadir>
	</extension>
	<extension point="xbmc.addon.metadata">
		<summary lang="en">The Future Of Entertainment</summary>
		<description lang="en">Bringing you the most up to date in LEDTV</description>
		<genre></genre>
	</extension>
</addon>