<settings>
    <setting id="action.bar" value="true" />
    <setting id="addon.logos" value="false" />
    <setting id="addon.match" value="0" />
    <setting id="addons.ini.enabled" value="false" />
    <setting id="addons.ini.file" value="" />
    <setting id="addons.ini.overwrite" value="1" />
    <setting id="addons.ini.subscriptions" value="false" />
    <setting id="addons.ini.type" value="0" />
    <setting id="addons.ini.url" value="" />
    <setting id="alternative.playback" value="false" />
    <setting id="append.folder" value="false" />
    <setting id="authentication" value="false" />
    <setting id="autoplays.after" value="1" />
    <setting id="autoplays.before" value="1" />
    <setting id="autoplays.enabled" value="true" />
    <setting id="autoplays.stop" value="true" />
    <setting id="autoplaywiths.after" value="1" />
    <setting id="autoplaywiths.before" value="1" />
    <setting id="autoplaywiths.enabled" value="true" />
    <setting id="autoplaywiths.ffmpeg" value="" />
    <setting id="autoplaywiths.folder" value="" />
    <setting id="autoplaywiths.player" value="" />
    <setting id="autoplaywiths.stop" value="true" />
    <setting id="autostart" value="false" />
    <setting id="background.notify" value="true" />
    <setting id="background.service" value="true" />
    <setting id="background.startup" value="false" />
    <setting id="cat.order" value="Entertainment|Sports|Movies|Kids|Documentry|Music|News" />
    <setting id="cat.source" value="0" />
    <setting id="catchup.addon" value="plugin://ADDONNAME/play_archive/%I/%Y-%m-%d:%H-%M/%T/%D" />
    <setting id="catchup.channel" value="false" />
    <setting id="catchup.dialog" value="2" />
    <setting id="catchup.text" value="Meta" />
    <setting id="categories.background.color" value="[COLOR fff5f5f5]whitesmoke[/COLOR]" />
    <setting id="categories.ini.enabled" value="false" />
    <setting id="categories.ini.file" value="" />
    <setting id="categories.ini.type" value="1" />
    <setting id="categories.ini.url" value="http://tinyurl.com/" />
    <setting id="categories.remember" value="true" />
    <setting id="category" value="SPORTS" />
    <setting id="channel.filter.sort" value="2" />
    <setting id="channel.index.digits" value="3" />
    <setting id="channel.logo" value="true" />
    <setting id="channel.shortcut" value="1" />
    <setting id="channel.shortcut.behaviour" value="1" />
    <setting id="channel.shortcut.direct" value="true" />
    <setting id="channels.per.page" value="8" />
    <setting id="date.long" value="true" />
    <setting id="down.action" value="false" />
    <setting id="enable.nextup" value="true" />
    <setting id="enable.nextup.showTime" value="false" />
    <setting id="enable.osd" value="true" />
    <setting id="epg.box.spacing" value="2" />
    <setting id="epg.focus.color" value="blue" />
    <setting id="epg.font" value="font13" />
    <setting id="epg.nofocus.color" value="[COLOR ffffffff]white[/COLOR]" />
    <setting id="epg.video.pip" value="false" />
    <setting id="exit.on.back" value="true" />
    <setting id="favourites" value="Favourites" />
    <setting id="find.program.images" value="false" />
    <setting id="gz" value="true" />
    <setting id="imdb.big" value="true" />
    <setting id="imdb.match" value="1" />
    <setting id="last.background.update" value="1501743321.12" />
    <setting id="last.channel" value='[&quot;42360&quot;, &quot;Sky Sports Football HD&quot;, null, &quot;http://repo.vaders.tv/logos/Sky%20Sports%20Football%20HD.png&quot;, null, 1, 166]' />
    <setting id="last.channel.popup" value="0" />
    <setting id="listing.days" value="5" />
    <setting id="listing.hours" value="12" />
    <setting id="listing.sort.time" value="true" />
    <setting id="logos.enabled" value="true" />
    <setting id="logos.folder" value="" />
    <setting id="logos.keep" value="true" />
    <setting id="logos.source" value="2" />
    <setting id="logos.url" value="http://repo.vaders.tv/logos/" />
    <setting id="mapping.ini.enabled" value="false" />
    <setting id="mapping.ini.file" value="" />
    <setting id="mapping.ini.type" value="0" />
    <setting id="mapping.ini.url" value="" />
    <setting id="mapping.m3u.enabled" value="false" />
    <setting id="mapping.m3u.file" value="" />
    <setting id="mapping.m3u.type" value="0" />
    <setting id="mapping.m3u.url" value="" />
    <setting id="md5" value="false" />
    <setting id="menu.addon" value="true" />
    <setting id="mine1" value="ActivateWindow(Videos,library://video,return)" />
    <setting id="mouse.controls" value="true" />
    <setting id="nextup.showTime" value="10" />
    <setting id="nextup.time" value="20" />
    <setting id="no.programs.message" value="-" />
    <setting id="notifications-on-startup" value="false" />
    <setting id="notifications.enabled" value="true" />
    <setting id="omdb" value="false" />
    <setting id="password" value="" />
    <setting id="play.alt.choose" value="true" />
    <setting id="play.alt.continue" value="false" />
    <setting id="play.menu" value="false" />
    <setting id="play.minimized" value="false" />
    <setting id="playback.osd.timeout" value="3" />
    <setting id="playback.timeout" value="15" />
    <setting id="program.background.color" value="[COLOR ff4682b4]steelblue[/COLOR]" />
    <setting id="program.background.enabled" value="false" />
    <setting id="program.background.flat" value="false" />
    <setting id="program.background.image" value="" />
    <setting id="program.background.image.source" value="1" />
    <setting id="program.background.image.url" value="http://" />
    <setting id="program.background.texture.url" value="special://profile/addon_data/script.tvguide.Vader/backgrounds/sunburst.png" />
    <setting id="program.channel.logo" value="false" />
    <setting id="program.image" value="true" />
    <setting id="program.image.scale" value="true" />
    <setting id="program.search.plot" value="false" />
    <setting id="redraw.epg" value="true" />
    <setting id="sd.changed" value="0" />
    <setting id="sd.interval" value="2" />
    <setting id="sd.password" value="" />
    <setting id="sd.range" value="3" />
    <setting id="sd.username" value="" />
    <setting id="search.type" value="MySearch" />
    <setting id="service.addon.folders" value="false" />
    <setting id="service.interval" value="1" />
    <setting id="service.time" value="03:33" />
    <setting id="service.type" value="0" />
    <setting id="skin" value="Default" />
    <setting id="skin.folder" value="" />
    <setting id="skin.source" value="0" />
    <setting id="skin.user" value="" />
    <setting id="source.source" value="xmltv" />
    <setting id="stop.on.exit" value="false" />
    <setting id="stream.addon.list" value="false" />
    <setting id="thelogodb" value="0" />
    <setting id="timebar.color" value="[COLOR ff0000ff]blue[/COLOR]" />
    <setting id="tvdb.imdb" value="false" />
    <setting id="tvdb.match" value="1" />
    <setting id="tvguide.co.uk.days" value="2" />
    <setting id="tvguide.co.uk.email" value="" />
    <setting id="tvguide.co.uk.systemid" value="Sky" />
    <setting id="up.cat.mode" value="First Channel" />
    <setting id="update.progress" value="true" />
    <setting id="user" value="" />
    <setting id="version" value="1.3.7" />
    <setting id="vpnmgr.connect" value="true" />
    <setting id="vpnmgr.default" value="true" />
    <setting id="xmltv.date" value="true" />
    <setting id="xmltv.file" value="" />
    <setting id="xmltv.interval" value="3" />
    <setting id="xmltv.logos" value="false" />
    <setting id="xmltv.refresh" value="false" />
    <setting id="xmltv.type" value="1" />
    <setting id="xmltv.url" value="http://tvstreamers.net/epg/vader/vader.xml" />
    <setting id="xmltv2.enabled" value="false" />
    <setting id="xmltv2.file" value="" />
    <setting id="xmltv2.type" value="0" />
    <setting id="xmltv2.url" value="" />
</settings>
